tanav_algne,number_algne,tanav_norm,number_norm,esinemisi,aadress_paring,x_lest,y_lest,lat,lon,staatus,vasted_arv,ads_oid,aadress_taielik,marka
Aia,38b,Aia,38b,1,"Tartu linn, Aia 38b",,,,,not_found,0,,,
Aia,6,Aia,6,2,"Tartu linn, Aia 6",640977.12,6456320.24,58.225028,26.399744,multiple,3,EE00764245,"Tartu maakond, Elva vald, Elva linn, Aia tn 6",
Aia,63,Aia,63,1,"Tartu linn, Aia 63",,,,,not_found,0,,,
Aia,5,Aia,5,1,"Tartu linn, Aia 5",640999.78,6456330.12,58.225111,26.400141,multiple,3,EE00775944,"Tartu maakond, Elva vald, Elva linn, Aia tn 5",
Aia,2,Aia,2,2,"Tartu linn, Aia 2",640970.97,6456244.51,58.224357,26.399596,ok,1,EE00735619,"Tartu maakond, Elva vald, Elva linn, Aia tn 2",
Aia,12,Aia,12,2,"Tartu linn, Aia 12",683272.99,6506680.65,58.661075,27.159132,ok,1,EE00737736,"Tartu maakond, Peipsiääre vald, Kallaste linn, Aia tn 12a",
Aia,39,Aia,39,1,"Tartu linn, Aia 39",,,,,not_found,0,,,
Aia,17,Aia,17,1,"Tartu linn, Aia 17",,,,,not_found,0,,,
Aia,66,Aia,66,1,"Tartu linn, Aia 66",,,,,not_found,0,,,
Aia,30,Aia,30,1,"Tartu linn, Aia 30",,,,,not_found,0,,,
Aia,29,Aia,29,1,"Tartu linn, Aia 29",,,,,not_found,0,,,
Aleksandri,43a,Aleksandri,43a,1,"Tartu linn, Aleksandri 43a",,,,,not_found,0,,,
Aleksandri,40,Aleksandri,40,3,"Tartu linn, Aleksandri 40",660149.37,6473345.68,58.371194,26.737577,ok,1,EE00757835,"Tartu maakond, Tartu linn, Tartu linn, Aleksandri tn 40",
Aleksandri,70,Aleksandri,70,2,"Tartu linn, Aleksandri 70",,,,,not_found,0,,,
Aleksandri,28,Aleksandri,28,2,"Tartu linn, Aleksandri 28",659985.03,6473568.79,58.373254,26.734932,multiple,5,EE00769525,"Tartu maakond, Tartu linn, Tartu linn, Aleksandri tn 28",
Aleksandri,14,Aleksandri,14,4,"Tartu linn, Aleksandri 14",659845.23,6473679.68,58.374301,26.732619,ok,1,ME00761655,"Tartu maakond, Tartu linn, Tartu linn, Aleksandri tn 14",
Aleksandri,53,Aleksandri,53,2,"Tartu linn, Aleksandri 53",660178.70,6473263.14,58.370438,26.738031,ok,1,EE04063127,"Tartu maakond, Tartu linn, Tartu linn, Aleksandri tn 53",
Aleksandri,44,Aleksandri,44,3,"Tartu linn, Aleksandri 44",660210.01,6473280.43,58.370579,26.738572,ok,1,EE00767506,"Tartu maakond, Tartu linn, Tartu linn, Aleksandri tn 44",
Aleksandri,38,Aleksandri,38,2,"Tartu linn, Aleksandri 38",660123.00,6473368.96,58.371410,26.737149,multiple,2,EE01143856,"Tartu maakond, Tartu linn, Tartu linn, Aleksandri tn 38",
Annemõisa,9a,Annemõisa,9a,2,"Tartu linn, Annemõisa 9a",,,,,not_found,0,,,
Annemõisa,2,Annemõisa,2,2,"Tartu linn, Annemõisa 2",662379.82,6474126.07,58.377368,26.776222,ok,1,ME00765812,"Tartu maakond, Tartu linn, Tartu linn, Annemõisa tn 2",
Annemõisa,19,Annemõisa,19,2,"Tartu linn, Annemõisa 19",,,,,not_found,0,,,
Elisabeti,29,Eha,29,1,"Tartu linn, Eha 29",659515.40,6473077.77,58.369021,26.726565,ok,1,ME00781458,"Tartu maakond, Tartu linn, Tartu linn, Eha tn 29",vana nimi 'Elisabeti' → 'Eha'
Elisabeti,25,Eha,25,6,"Tartu linn, Eha 25",659521.39,6473097.58,58.369199,26.726681,ok,1,EE00781457,"Tartu maakond, Tartu linn, Tartu linn, Eha tn 25",vana nimi 'Elisabeti' → 'Eha'
Elisabeti,14,Eha,14,2,"Tartu linn, Eha 14",659375.02,6473049.57,58.368821,26.724155,ok,1,EE00764383,"Tartu maakond, Tartu linn, Tartu linn, Eha tn 14",vana nimi 'Elisabeti' → 'Eha'
Elisabeti,17,Eha,17,1,"Tartu linn, Eha 17",659392.68,6473007.28,58.368429,26.724433,multiple,2,ME03652477,"Tartu maakond, Tartu linn, Tartu linn, Eha tn 17",vana nimi 'Elisabeti' → 'Eha'
Elisabeti,6,Eha,6,2,"Tartu linn, Eha 6",659319.89,6473022.96,58.368599,26.723198,ok,1,EE00769455,"Tartu maakond, Tartu linn, Tartu linn, Eha tn 6",vana nimi 'Elisabeti' → 'Eha'
Elva,13,Elva,13,2,"Tartu linn, Elva 13",658561.07,6472828.97,58.367135,26.710105,multiple,3,EE00766133,"Tartu maakond, Tartu linn, Tartu linn, Elva tn 13",
Elva,4,Elva,4,4,"Tartu linn, Elva 4",658567.60,6472793.23,58.366809,26.710199,multiple,5,EE03607117,"Tartu maakond, Tartu linn, Tartu linn, Elva tn 4",
Elva,8,Elva,8,3,"Tartu linn, Elva 8",658520.85,6472741.99,58.366369,26.709362,ok,1,EE00760126,"Tartu maakond, Tartu linn, Tartu linn, Elva tn 8",
Emajõe,4,Emajõe,4,3,"Tartu linn, Emajõe 4",658999.15,6475039.48,58.386802,26.719113,ok,1,EE00767017,"Tartu maakond, Tartu linn, Tartu linn, Emajõe tn 4",
Emajõe,6,Emajõe,6,2,"Tartu linn, Emajõe 6",658981.78,6475096.77,58.387328,26.718863,ok,1,EE00769879,"Tartu maakond, Tartu linn, Tartu linn, Emajõe tn 6",
Emajõe,8,Emajõe,8,1,"Tartu linn, Emajõe 8",658959.18,6475112.21,58.387471,26.718480,multiple,2,EE00747770,"Tartu maakond, Tartu linn, Tartu linn, Emajõe tn 8",
Emajõe,9,Emajõe,9,1,"Tartu linn, Emajõe 9",658934.08,6475131.33,58.387650,26.718066,multiple,2,EE00767014,"Tartu maakond, Tartu linn, Tartu linn, Emajõe tn 9",
Filosoofi,1,Filosoofi,1,2,"Tartu linn, Filosoofi 1",658984.62,6473319.73,58.371385,26.717683,multiple,5,ME00758581,"Tartu maakond, Tartu linn, Tartu linn, Filosoofi tn 1",
Filosoofi,21,Filosoofi,21,2,"Tartu linn, Filosoofi 21",659156.75,6473123.12,58.369556,26.720484,ok,1,EE00747780,"Tartu maakond, Tartu linn, Tartu linn, Filosoofi tn 21",
Filosoofi,23,Filosoofi,23,4,"Tartu linn, Filosoofi 23",659178.35,6473098.15,58.369324,26.720825,ok,1,EE00747789,"Tartu maakond, Tartu linn, Tartu linn, Filosoofi tn 23",
Filosoofi,4,Filosoofi,4,9,"Tartu linn, Filosoofi 4",659067.92,6473256.05,58.370781,26.719056,multiple,2,EE00768091,"Tartu maakond, Tartu linn, Tartu linn, Filosoofi tn 4",
Filosoofi,7,Filosoofi,7,1,"Tartu linn, Filosoofi 7",659088.97,6473197.63,58.370253,26.719375,ok,1,EE00767020,"Tartu maakond, Tartu linn, Tartu linn, Filosoofi tn 7",
Filosoofi,31,Filosoofi,31,1,"Tartu linn, Filosoofi 31",659175.34,6473069.37,58.369065,26.720754,ok,1,ME00747792,"Tartu maakond, Tartu linn, Tartu linn, Filosoofi tn 31",
Fortuna,51,Fortuna,51,2,"Tartu linn, Fortuna 51",,,,,not_found,0,,,
Fortuna,57,Fortuna,57,1,"Tartu linn, Fortuna 57",,,,,not_found,0,,,
Fortuna,14,Fortuna,14,2,"Tartu linn, Fortuna 14",,,,,not_found,0,,,
Fortuna,8,Fortuna,8,6,"Tartu linn, Fortuna 8",,,,,not_found,0,,,
Gildi,3,Gildi,3,6,"Tartu linn, Gildi 3",659141.32,6474458.67,58.381547,26.721137,ok,1,EE00768084,"Tartu maakond, Tartu linn, Tartu linn, Gildi tn 3",
Gildi,8,Gildi,8,1,"Tartu linn, Gildi 8",659180.69,6474490.40,58.381810,26.721841,ok,1,ME00759275,"Tartu maakond, Tartu linn, Tartu linn, Gildi tn 8",
Herne,49a,Herne,49a,1,"Tartu linn, Herne 49a",,,,,not_found,0,,,
Herne,11,Herne,11,2,"Tartu linn, Herne 11",658894.87,6474826.70,58.384937,26.717190,ok,1,EE00760970,"Tartu maakond, Tartu linn, Tartu linn, Herne tn 11",
Herne,40,Herne,40,1,"Tartu linn, Herne 40",658699.96,6474899.90,58.385663,26.713909,ok,1,EE00766375,"Tartu maakond, Tartu linn, Tartu linn, Herne tn 40",
Herne,39,Herne,39,1,"Tartu linn, Herne 39",658687.64,6474995.57,58.386529,26.713770,ok,1,EE00747846,"Tartu maakond, Tartu linn, Tartu linn, Herne tn 39",
Hetseli,6,J. W. F. Hezeli,6,1,"Tartu linn, J. W. F. Hezeli 6",,,,,not_found,0,,,vana nimi 'Hetseli' → 'J. W. F. Hezeli'
Holmi,22,Holmi,22,1,"Tartu linn, Holmi 22",,,,,not_found,0,,,
J. Hurda,9,Jakob Hurda,9,1,"Tartu linn, Jakob Hurda 9",658223.36,6474527.03,58.382490,26.705504,ok,1,EE01668598,"Tartu maakond, Tartu linn, Tartu linn, J. Hurda tn 9",vana nimi 'J. Hurda' → 'Jakob Hurda'
Jaama,49,Jaama,49,2,"Tartu linn, Jaama 49",660071.52,6474829.70,58.384535,26.737297,ok,1,EE00747897,"Tartu maakond, Tartu linn, Tartu linn, Jaama tn 49",
Jaama,73,Jaama,73,1,"Tartu linn, Jaama 73",660296.90,6474726.33,58.383519,26.741067,ok,1,EE00747913,"Tartu maakond, Tartu linn, Tartu linn, Jaama tn 73",
Jaama,2,Jaama,2,1,"Tartu linn, Jaama 2",659499.91,6475165.99,58.387758,26.727760,multiple,5,ME00750240,"Tartu maakond, Tartu linn, Tartu linn, Jaama tn 2",
Jaama,38,Jaama,38,2,"Tartu linn, Jaama 38",660058.63,6474888.64,58.385069,26.737116,ok,1,EE00759559,"Tartu maakond, Tartu linn, Tartu linn, Jaama tn 38",
Jaama,56,Jaama,56,2,"Tartu linn, Jaama 56",660255.26,6474857.51,58.384719,26.740442,multiple,4,ME00752018,"Tartu maakond, Tartu linn, Tartu linn, Jaama tn 56",
Jaama,35,Jaama,35,1,"Tartu linn, Jaama 35",659839.80,6474967.51,58.385858,26.733430,ok,1,EE00756073,"Tartu maakond, Tartu linn, Tartu linn, Jaama tn 35",
Jaani,24,Jaani,24,1,"Tartu linn, Jaani 24",,,,,not_found,0,,,
Jaani,1a,Jaani,1a,2,"Tartu linn, Jaani 1a",,,,,not_found,0,,,
Jaani,1,Jaani,1,4,"Tartu linn, Jaani 1",659000.23,6474592.43,58.382791,26.718820,multiple,3,EE00749634,"Tartu maakond, Tartu linn, Tartu linn, Jaani tn 14",
Jaani,26,Jaani,26,1,"Tartu linn, Jaani 26",,,,,not_found,0,,,
Jakobi,43,Jakobi,43,1,"Tartu linn, Jakobi 43",658518.83,6474704.38,58.383971,26.710682,ok,1,EE00772395,"Tartu maakond, Tartu linn, Tartu linn, Jakobi tn 43",
Jakobi,34,Jakobi,34,1,"Tartu linn, Jakobi 34",658784.70,6474517.42,58.382196,26.715096,ok,1,EE00747821,"Tartu maakond, Tartu linn, Tartu linn, Jakobi tn 34",
Jakobi,12,Jakobi,12,2,"Tartu linn, Jakobi 12",,,,,not_found,0,,,
Jakobi,8,Jakobi,8,1,"Tartu linn, Jakobi 8",,,,,not_found,0,,,
Jakobi,39,Jakobi,39,2,"Tartu linn, Jakobi 39",658567.47,6474665.86,58.383612,26.711475,ok,1,EE00772396,"Tartu maakond, Tartu linn, Tartu linn, Jakobi tn 39",
Jakobi,58,Jakobi,58,1,"Tartu linn, Jakobi 58",658580.72,6474574.92,58.382791,26.711652,ok,1,EE00772394,"Tartu maakond, Tartu linn, Tartu linn, Jakobi tn 58",
Jänese,28,Jänese,28,1,"Tartu linn, Jänese 28",660078.38,6475446.15,58.390059,26.737829,ok,1,EE00768092,"Tartu maakond, Tartu linn, Tartu linn, Jänese tn 28",
Kalda,16,Kalda,16,4,"Tartu linn, Kalda 16",661387.74,6473646.59,58.373438,26.758944,ok,1,EE00764740,"Tartu maakond, Tartu linn, Tartu linn, Kalda tee 16",
Kalevi,16,Kalevi,16,1,"Tartu linn, Kalevi 16",,,,,not_found,0,,,
Karlova,11,Karlova,11,2,"Tartu linn, Karlova 11",660011.77,6473612.65,58.373639,26.735424,multiple,5,EE00760398,"Tartu maakond, Tartu linn, Tartu linn, Aida tn 11",
Karlova,69,Karlova,69,1,"Tartu linn, Karlova 69",659896.93,6473257.27,58.370488,26.733212,multiple,2,EE00768965,"Tartu maakond, Tartu linn, Tartu linn, Kalevi tn 69",
Karlova,15,Karlova,15,1,"Tartu linn, Karlova 15",659546.57,6472366.04,58.362622,26.726617,multiple,5,EE00747688,"Tartu maakond, Tartu linn, Tartu linn, Alevi tn 15",
Karlova,81,Karlova,81,1,"Tartu linn, Karlova 81",659951.14,6473131.32,58.369338,26.734046,multiple,2,EE00747976,"Tartu maakond, Tartu linn, Tartu linn, Kalevi tn 81",
Karlova,67,Karlova,67,4,"Tartu linn, Karlova 67",659865.55,6473307.74,58.370956,26.732718,multiple,2,EE00747971,"Tartu maakond, Tartu linn, Tartu linn, Kalevi tn 67",
Karlova,13,Karlova,13,2,"Tartu linn, Karlova 13",659531.12,6472373.96,58.362700,26.726350,multiple,5,EE00747691,"Tartu maakond, Tartu linn, Tartu linn, Alevi tn 13",
Karlova,41,Karlova,41,2,"Tartu linn, Karlova 41",660079.32,6473380.29,58.371524,26.736405,multiple,5,EE01029344,"Tartu maakond, Tartu linn, Tartu linn, Aleksandri tn 41",
Karlova,8,Karlova,8,1,"Tartu linn, Karlova 8",659604.29,6473269.83,58.370711,26.728218,multiple,5,EE00774475,"Tartu maakond, Tartu linn, Tartu linn, A. Kitzbergi tn 8",
Karlova,25,Karlova,25,1,"Tartu linn, Karlova 25",659703.70,6472338.69,58.362323,26.729278,multiple,5,EE00765788,"Tartu maakond, Tartu linn, Tartu linn, Alevi tn 25",
Kastani,6a,Kastani,6a,1,"Tartu linn, Kastani 6a",658569.75,6473925.27,58.376964,26.711015,ok,1,ME03055698,"Tartu maakond, Tartu linn, Tartu linn, Kastani tn 6a",
Kastani,79a,Kastani,79a,1,"Tartu linn, Kastani 79a",,,,,not_found,0,,,
Kastani,48,Kastani,48,1,"Tartu linn, Kastani 48",658943.13,6473132.16,58.369714,26.716836,multiple,5,ME00757104,"Tartu maakond, Tartu linn, Tartu linn, Kastani tn 48",
Kastani,59,Kastani,59,1,"Tartu linn, Kastani 59",658724.42,6473431.74,58.372485,26.713304,ok,1,EE00748107,"Tartu maakond, Tartu linn, Tartu linn, Kastani tn 59",
Kastani,77-a,Kastani,77a,1,"Tartu linn, Kastani 77a",,,,,not_found,0,,,
Kastani,33,Kastani,33,2,"Tartu linn, Kastani 33",658582.85,6473767.60,58.375550,26.711128,ok,1,EE00748099,"Tartu maakond, Tartu linn, Tartu linn, Kastani tn 33",
Kastani,65,Kastani,65,2,"Tartu linn, Kastani 65",658739.71,6473390.52,58.372111,26.713549,ok,1,EE00769640,"Tartu maakond, Tartu linn, Tartu linn, Kastani tn 65",
Kastani,5,Kastani,5,1,"Tartu linn, Kastani 5",658445.58,6474096.70,58.378552,26.709016,multiple,5,EE00769139,"Tartu maakond, Tartu linn, Tartu linn, Kastani tn 5",
Kastani,67,Kastani,67,1,"Tartu linn, Kastani 67",659195.96,6472290.28,58.362068,26.720573,multiple,2,ME00779525,"Tartu maakond, Tartu linn, Tartu linn, Võru tn 67",
Katoliku,1,Katoliku,1,6,"Tartu linn, Katoliku 1",,,,,not_found,0,,,
Kesk,4,Kesk,4,1,"Tartu linn, Kesk 4",659416.86,6473279.41,58.370860,26.725031,multiple,5,EE00773830,"Tartu maakond, Tartu linn, Tartu linn, Kesk tn 4",
Kesk,6,Kesk,6,1,"Tartu linn, Kesk 6",659439.03,6473268.08,58.370754,26.725399,multiple,5,ME00750808,"Tartu maakond, Tartu linn, Tartu linn, Kesk tn 6",
Kesk,25,Kesk,25,1,"Tartu linn, Kesk 25",659466.04,6472746.00,58.366061,26.725498,multiple,2,EE01933562,"Tartu maakond, Tartu linn, Tartu linn, Kesk tn 25",
Kesk,17,Kesk,17,1,"Tartu linn, Kesk 17",659449.31,6472871.77,58.367197,26.725295,multiple,2,EE00773817,"Tartu maakond, Tartu linn, Tartu linn, Kesk tn 17",
Kesk,2,Kesk,2,3,"Tartu linn, Kesk 2",659399.63,6473285.95,58.370929,26.724746,multiple,5,EE00773829,"Tartu maakond, Tartu linn, Tartu linn, Kesk tn 2",
Kesk,44,Kesk,44,1,"Tartu linn, Kesk 44",659510.10,6472645.88,58.365148,26.726180,ok,1,EE00773798,"Tartu maakond, Tartu linn, Tartu linn, Kesk tn 44",
Kesk,3,Kesk,3,4,"Tartu linn, Kesk 3",659412.29,6473141.57,58.369633,26.724851,multiple,5,EE00773825,"Tartu maakond, Tartu linn, Tartu linn, Kesk tn 3",
Kesk,11,Kesk,11,2,"Tartu linn, Kesk 11",659434.06,6472976.52,58.368145,26.725112,ok,1,EE00773820,"Tartu maakond, Tartu linn, Tartu linn, Kesk tn 11",
Kivi,17,Kivi,17,1,"Tartu linn, Kivi 17",,,,,not_found,0,,,
Kivi,60,Kivi,60,1,"Tartu linn, Kivi 60",659899.92,6474889.73,58.385136,26.734401,ok,1,EE00748227,"Tartu maakond, Tartu linn, Tartu linn, Kivi tn 60",
Kloostri,3,Kloostri,3,1,"Tartu linn, Kloostri 3",658926.25,6474700.33,58.383787,26.717631,ok,1,EE00748234,"Tartu maakond, Tartu linn, Tartu linn, Kloostri tn 3",
Koidu,22,Koidu,22,1,"Tartu linn, Koidu 22",659338.00,6473302.68,58.371104,26.723699,ok,1,EE00774572,"Tartu maakond, Tartu linn, Tartu linn, Koidu tn 22",
Kompani,1,Kompanii,1,1,"Tartu linn, Kompanii 1",659310.43,6474403.42,58.380983,26.723984,multiple,3,EE00748258,"Tartu maakond, Tartu linn, Tartu linn, Kompanii tn 1c",vana nimi 'Kompani' → 'Kompanii'
Kooli,12,Kooli,12,1,"Tartu linn, Kooli 12",658347.25,6473851.52,58.376390,26.707156,ok,1,EE00748251,"Tartu maakond, Tartu linn, Tartu linn, Kooli tn 12",
Kroonuaia,9,Kroonuaia,9,1,"Tartu linn, Kroonuaia 9",658809.55,6474660.36,58.383470,26.715622,ok,1,EE00748265,"Tartu maakond, Tartu linn, Tartu linn, Kroonuaia tn 9",
Kroonuaia,74,Kroonuaia,74,3,"Tartu linn, Kroonuaia 74",,,,,not_found,0,,,
Kroonuaia,53,Kroonuaia,53,1,"Tartu linn, Kroonuaia 53",,,,,not_found,0,,,
Kroonuaia,31,Kroonuaia,31,2,"Tartu linn, Kroonuaia 31",658976.32,6474771.29,58.384406,26.718534,ok,1,EE00775057,"Tartu maakond, Tartu linn, Tartu linn, Kroonuaia tn 31",
Kroonuaia,18,Kroonuaia,18,1,"Tartu linn, Kroonuaia 18",,,,,not_found,0,,,
Kuperjanovi,8,Kuperjanovi,8,1,"Tartu linn, Kuperjanovi 8",658750.12,6473800.57,58.375786,26.714003,ok,1,EE03901307,"Tartu maakond, Tartu linn, Tartu linn, J. Kuperjanovi tn 8",
Kuperjanovi,24,Kuperjanovi,24,1,"Tartu linn, Kuperjanovi 24",,,,,not_found,0,,,
Kuu,49,Kuu,49,1,"Tartu linn, Kuu 49",,,,,not_found,0,,,
Küüni,1,Küüni,1,1,"Tartu linn, Küüni 1",659241.55,6474276.94,58.379877,26.722735,ok,1,ME00747950,"Tartu maakond, Tartu linn, Tartu linn, Küüni tn 1",
Küütri,3,Küütri,3,1,"Tartu linn, Küütri 3",659168.85,6474385.15,58.380873,26.721563,ok,1,EE01800865,"Tartu maakond, Tartu linn, Tartu linn, Küütri tn 3",
Küütri,33,Küütri,33,2,"Tartu linn, Küütri 33",,,,,not_found,0,,,
Küütri,8b,Küütri,8b,1,"Tartu linn, Küütri 8b",,,,,not_found,0,,,
Küütri,14,Küütri,14,1,"Tartu linn, Küütri 14",659233.05,6474433.92,58.381289,26.722691,ok,1,EE00767958,"Tartu maakond, Tartu linn, Tartu linn, Küütri tn 14",
Lai,9,Lai,9,1,"Tartu linn, Lai 9",,,,,not_found,0,,,
Lai,15,Lai,15,1,"Tartu linn, Lai 15",658934.66,6474574.44,58.382653,26.717698,ok,1,EE00762664,"Tartu maakond, Tartu linn, Tartu linn, Lai tn 15",
Lai,6,Lai,6,1,"Tartu linn, Lai 6",658875.50,6474546.79,58.382432,26.716671,ok,1,ME00772764,"Tartu maakond, Tartu linn, Tartu linn, Lai tn 6",
Lepiku,2,Lepiku,2,1,"Tartu linn, Lepiku 2",658754.86,6474661.67,58.383508,26.714684,ok,1,EE00775705,"Tartu maakond, Tartu linn, Tartu linn, Lepiku tn 2",
Lepiku,14,Lepiku,14,1,"Tartu linn, Lepiku 14",658623.71,6474818.27,58.384955,26.712554,ok,1,EE00767607,"Tartu maakond, Tartu linn, Tartu linn, Lepiku tn 14",
Lepiku,10,Lepiku,10,2,"Tartu linn, Lepiku 10",658670.81,6474780.36,58.384597,26.713331,ok,1,EE00764818,"Tartu maakond, Tartu linn, Tartu linn, Lepiku tn 10",
Lepiku,4,Lepiku,4,1,"Tartu linn, Lepiku 4",658726.08,6474690.08,58.383770,26.714208,ok,1,EE00775702,"Tartu maakond, Tartu linn, Tartu linn, Lepiku tn 4",
Liiva,14,Liiva,14,1,"Tartu linn, Liiva 14",641577.69,6454953.72,58.212578,26.409131,ok,1,CU00614728,"Tartu maakond, Elva vald, Elva linn, Liiva tn 14",
Liiva,24,Liiva,24,2,"Tartu linn, Liiva 24",659142.40,6475399.09,58.389979,26.721805,ok,1,EE00757533,"Tartu maakond, Tartu linn, Tartu linn, Liiva tn 24",
Liiva,17,Liiva,17,3,"Tartu linn, Liiva 17",659164.76,6475338.59,58.389432,26.722157,ok,1,EE00765191,"Tartu maakond, Tartu linn, Tartu linn, Liiva tn 17",
Liiva,7,Liiva,7,1,"Tartu linn, Liiva 7",641522.60,6455196.63,58.214776,26.408344,multiple,3,EE00757646,"Tartu maakond, Elva vald, Elva linn, Liiva tn 7",
Lille,24,Lille,24,1,"Tartu linn, Lille 24",,,,,not_found,0,,,
Lille,17,Lille,17,4,"Tartu linn, Lille 17",,,,,not_found,0,,,
Lille,22,Lille,22,2,"Tartu linn, Lille 22",,,,,not_found,0,,,
Lille,3,Lille,3,2,"Tartu linn, Lille 3",640615.37,6455383.22,58.216737,26.393018,ok,1,EE00776792,"Tartu maakond, Elva vald, Elva linn, Lille tn 3",
Lodja,9,Lodja,9,3,"Tartu linn, Lodja 9",,,,,not_found,0,,,
Lodja,16,Lodja,16,1,"Tartu linn, Lodja 16",,,,,not_found,0,,,
Lodja,15,Lodja,15,1,"Tartu linn, Lodja 15",,,,,not_found,0,,,
Lootuse,13,Lootuse,13,3,"Tartu linn, Lootuse 13",659399.09,6473213.70,58.370284,26.724679,ok,1,EE00775812,"Tartu maakond, Tartu linn, Tartu linn, Lootuse tn 13",
Lootuse,7,Lootuse,7,3,"Tartu linn, Lootuse 7",,,,,not_found,0,,,
Lossi,14,Lossi,14,4,"Tartu linn, Lossi 14",,,,,not_found,0,,,
Lossi,9,Lossi,9,1,"Tartu linn, Lossi 9",659025.35,6474280.17,58.379983,26.719031,ok,1,EE00781456,"Tartu maakond, Tartu linn, Tartu linn, Lossi tn 9",
Lossi,28,Lossi,28,1,"Tartu linn, Lossi 28",659021.59,6474173.99,58.379033,26.718907,ok,1,ME00751729,"Tartu maakond, Tartu linn, Tartu linn, Lossi tn 28",
Lossi,18,Lossi,18,2,"Tartu linn, Lossi 18",,,,,not_found,0,,,
Lossi,20,Lossi,20,1,"Tartu linn, Lossi 20",,,,,not_found,0,,,
Lõuna,2a,Lõuna,2a,1,"Tartu linn, Lõuna 2a",,,,,not_found,0,,,
Maarja,11,Maarja,11,2,"Tartu linn, Maarja 11",,,,,not_found,0,,,
Maarja,31,Maarja,31,2,"Tartu linn, Maarja 31",,,,,not_found,0,,,
Maarjamõisa,6,Maarjamõisa,6,3,"Tartu linn, Maarjamõisa 6",657999.38,6472988.97,58.368773,26.700619,multiple,5,CU00488071,"Tartu maakond, Tartu linn, Tartu linn, L. Puusepa tn 6",
Maarjamõisa,9,Maarjamõisa,9,1,"Tartu linn, Maarjamõisa 9",657106.73,6472553.33,58.365183,26.685091,multiple,5,EE00777178,"Tartu maakond, Tartu linn, Tartu linn, Aroonia tn 9",
Maarjamõisa,62,Maarjamõisa,62,1,"Tartu linn, Maarjamõisa 62",,,,,not_found,0,,,
Maarjamõisa,42,Maarjamõisa,42,2,"Tartu linn, Maarjamõisa 42",,,,,not_found,0,,,
Maarjamõisa,15,Maarjamõisa,15,1,"Tartu linn, Maarjamõisa 15",657123.33,6472487.31,58.364586,26.685319,multiple,5,EE00993567,"Tartu maakond, Tartu linn, Tartu linn, Aroonia tn 15",
Maarjamõisa,26,Maarjamõisa,26,2,"Tartu linn, Maarjamõisa 26",656941.06,6472193.09,58.362013,26.682011,ok,1,EE00993815,"Tartu maakond, Tartu linn, Tartu linn, Raja tn 26",
Maarjamõisa,14,Maarjamõisa,14,3,"Tartu linn, Maarjamõisa 14",657565.63,6473020.80,58.369217,26.693248,multiple,5,EE00760324,"Tartu maakond, Tartu linn, Tartu linn, Kullerkupu tn 14",
Maarjamõisa,22,Maarjamõisa,22,1,"Tartu linn, Maarjamõisa 22",657106.82,6472047.55,58.360653,26.684746,multiple,3,EE00771830,"Tartu maakond, Tartu linn, Tartu linn, Puhkekodu tn 22",
Maarjamäe,6,Maarjamäe,6,1,"Tartu linn, Maarjamäe 6",,,,,not_found,0,,,
Maarjamäe,42,Maarjamäe,42,1,"Tartu linn, Maarjamäe 42",,,,,not_found,0,,,
Magasini,12,Vabaduse pst,12,2,"Tartu linn, Vabaduse pst 12",659002.79,6475749.65,58.393178,26.719674,multiple,5,CU00495200,"Tartu maakond, Tartu linn, Tartu linn, Puiestee tn 12",KAHTLANE mapping: 'Magasini' → 'Vabaduse pst' (kontrollida)
Magasini,3,Vabaduse pst,3,1,"Tartu linn, Vabaduse pst 3",659379.39,6474388.75,58.380832,26.725153,ok,1,ME00751411,"Tartu maakond, Tartu linn, Tartu linn, Vabaduse pst 3",KAHTLANE mapping: 'Magasini' → 'Vabaduse pst' (kontrollida)
Marja,10,Marja,10,1,"Tartu linn, Marja 10",658537.43,6474907.19,58.385785,26.711129,ok,1,EE00769028,"Tartu maakond, Tartu linn, Tartu linn, Marja tn 10",
Meloni,3,Meloni,3,1,"Tartu linn, Meloni 3",658406.24,6474979.62,58.386488,26.708942,multiple,5,EE00761651,"Tartu maakond, Tartu linn, Tartu linn, Meloni tn 3",
Meltsiveski,51,Meltsiveski,51,3,"Tartu linn, Meltsiveski 51",,,,,not_found,0,,,
Meltsiveski,54,Meltsiveski,54,1,"Tartu linn, Meltsiveski 54",,,,,not_found,0,,,
Munga,2,Munga,2,8,"Tartu linn, Munga 2",,,,,not_found,0,,,
Munga,4,Munga,4,1,"Tartu linn, Munga 4",658966.72,6474503.90,58.382014,26.718196,multiple,2,ME02238208,"Tartu maakond, Tartu linn, Tartu linn, Jakobi tn 5",
Munga,5,Munga,5,1,"Tartu linn, Munga 5",659171.21,6474526.66,58.382146,26.721696,ok,1,EE03169490,"Tartu maakond, Tartu linn, Tartu linn, Munga tn 5",
Mäe,23,Mäe,23,1,"Tartu linn, Mäe 23",659641.36,6474976.14,58.386002,26.730036,ok,1,EE00748495,"Tartu maakond, Tartu linn, Tartu linn, Mäe tn 23",
Narva,141,Narva,141,2,"Tartu linn, Narva 141",,,,,not_found,0,,,
Narva,127,Narva,127,3,"Tartu linn, Narva 127",659505.81,6475256.59,58.388572,26.727925,ok,1,EE00757174,"Tartu maakond, Tartu linn, Tartu linn, Narva mnt 127",
Narva,87,Narva,87,1,"Tartu linn, Narva 87",,,,,not_found,0,,,
Narva,124,Narva,124,1,"Tartu linn, Narva 124",659692.78,6475706.71,58.392541,26.731433,ok,1,EE04198388,"Tartu maakond, Tartu linn, Tartu linn, Narva mnt 124",
Narva,105,Narva,105,1,"Tartu linn, Narva 105",659505.42,6475088.41,58.387057,26.727791,ok,1,EE03641498,"Tartu maakond, Tartu linn, Tartu linn, Narva mnt 105",
Narva,60,Narva,60,1,"Tartu linn, Narva 60",,,,,not_found,0,,,
Narva,149,Narva,149,1,"Tartu linn, Narva 149",659545.40,6475349.11,58.389384,26.728656,ok,1,EE00764048,"Tartu maakond, Tartu linn, Tartu linn, Narva mnt 149",
Näituse,22,Näituse,22,1,"Tartu linn, Näituse 22",658191.34,6474023.02,58.377980,26.704610,multiple,4,EE01101075,"Tartu maakond, Tartu linn, Tartu linn, Näituse tn 22",
Näituse,14,Näituse,14,1,"Tartu linn, Näituse 14",658290.71,6474073.23,58.378392,26.706352,ok,1,EE00766660,"Tartu maakond, Tartu linn, Tartu linn, Näituse tn 14",
Oa,1,Oa,1,1,"Tartu linn, Oa 1",659000.70,6474980.80,58.386280,26.719107,multiple,5,EE00774136,"Tartu maakond, Tartu linn, Tartu linn, Oa tn 1",
Oa,2,Oa,2,1,"Tartu linn, Oa 2",659050.15,6474913.08,58.385653,26.719897,multiple,5,EE00775036,"Tartu maakond, Tartu linn, Tartu linn, Oa tn 2",
Pargi,15,Pargi,15,1,"Tartu linn, Pargi 15",659606.66,6473426.79,58.372119,26.728378,ok,1,EE03711428,"Tartu maakond, Tartu linn, Tartu linn, Pargi tn 15",
Pargi,10,Pargi,10,2,"Tartu linn, Pargi 10",659601.80,6473321.83,58.371179,26.728220,multiple,5,ME00748572,"Tartu maakond, Tartu linn, Tartu linn, Pargi tn 10",
Peetri,44,Peetri,44,2,"Tartu linn, Peetri 44",,,,,not_found,0,,,
Peetri,74,Peetri,74,1,"Tartu linn, Peetri 74",659750.33,6475408.81,58.389847,26.732200,ok,1,EE00774280,"Tartu maakond, Tartu linn, Tartu linn, Peetri tn 74",
Peetriturg,2,Peetriturg,2,2,"Tartu linn, Peetriturg 2",659805.70,6475414.17,58.389871,26.733160,ok,1,EE00774284,"Tartu maakond, Tartu linn, Tartu linn, Peetri tn 76",
Pepleri,15,Pepleri,15,8,"Tartu linn, Pepleri 15",,,,,not_found,0,,,
Pepleri,6,Pepleri,6,3,"Tartu linn, Pepleri 6",658903.81,6473920.97,58.376806,26.716716,ok,1,ME03263937,"Tartu maakond, Tartu linn, Tartu linn, Pepleri tn 6",
Pepleri,5,Pepleri,5,1,"Tartu linn, Pepleri 5",658972.09,6473763.94,58.375373,26.717769,ok,1,EE00764598,"Tartu maakond, Tartu linn, Tartu linn, Pepleri tn 5",
Pepleri,20,Pepleri,20,2,"Tartu linn, Pepleri 20",,,,,not_found,0,,,
Peterburi,36,Narva mnt,36,1,"Tartu linn, Narva mnt 36",,,,,not_found,0,,,vana nimi 'Peterburi' → 'Narva mnt'
Peterburi,97,Narva mnt,97,1,"Tartu linn, Narva mnt 97",659477.39,6475037.33,58.386609,26.727277,ok,1,EE00773923,"Tartu maakond, Tartu linn, Tartu linn, Narva mnt 97",vana nimi 'Peterburi' → 'Narva mnt'
Peterburi,44,Narva mnt,44,1,"Tartu linn, Narva mnt 44",,,,,not_found,0,,,vana nimi 'Peterburi' → 'Narva mnt'
Peterburi,141,Narva mnt,141,4,"Tartu linn, Narva mnt 141",,,,,not_found,0,,,vana nimi 'Peterburi' → 'Narva mnt'
Peterburi,72,Narva mnt,72,2,"Tartu linn, Narva mnt 72",,,,,not_found,0,,,vana nimi 'Peterburi' → 'Narva mnt'
Peterburi,127,Narva mnt,127,4,"Tartu linn, Narva mnt 127",659505.81,6475256.59,58.388572,26.727925,ok,1,EE00757174,"Tartu maakond, Tartu linn, Tartu linn, Narva mnt 127",vana nimi 'Peterburi' → 'Narva mnt'
Peterburi,54,Narva mnt,54,1,"Tartu linn, Narva mnt 54",,,,,not_found,0,,,vana nimi 'Peterburi' → 'Narva mnt'
Peterburi,76,Narva mnt,76,1,"Tartu linn, Narva mnt 76",,,,,not_found,0,,,vana nimi 'Peterburi' → 'Narva mnt'
Peterburi,29,Narva mnt,29,2,"Tartu linn, Narva mnt 29",659459.57,6474796.90,58.384463,26.726820,ok,1,CU00496343,"Tartu maakond, Tartu linn, Tartu linn, Narva mnt 29",vana nimi 'Peterburi' → 'Narva mnt'
Petrogradi,67,Narva mnt,67,1,"Tartu linn, Narva mnt 67",,,,,not_found,0,,,vana nimi 'Petrogradi' → 'Narva mnt'
Petrogradi,36,Narva mnt,36,1,"Tartu linn, Narva mnt 36",,,,,not_found,0,,,vana nimi 'Petrogradi' → 'Narva mnt'
Pihkva,38,Pihkva,38,2,"Tartu linn, Pihkva 38",,,,,not_found,0,,,
Pihkva,78,Pihkva,78,2,"Tartu linn, Pihkva 78",,,,,not_found,0,,,
Pihkva,70,Pihkva,70,1,"Tartu linn, Pihkva 70",,,,,not_found,0,,,
Pihkva,47,Pihkva,47,1,"Tartu linn, Pihkva 47",,,,,not_found,0,,,
Pihkva,52,Pihkva,52,1,"Tartu linn, Pihkva 52",,,,,not_found,0,,,
Pihkva,28,Pihkva,28,1,"Tartu linn, Pihkva 28",,,,,not_found,0,,,
Piiri,14,Piiri,14,1,"Tartu linn, Piiri 14",658379.85,6475216.76,58.388623,26.708662,ok,1,EE00748661,"Tartu maakond, Tartu linn, Tartu linn, Piiri tn 14",
Piiskopi,9,Piiskopi,9,2,"Tartu linn, Piiskopi 9",659494.75,6472203.71,58.361188,26.725617,ok,1,EE00773478,"Tartu maakond, Tartu linn, Tartu linn, Piiskopi tn 9",
Piiskopi,7,Piiskopi,7,1,"Tartu linn, Piiskopi 7",659449.84,6472226.84,58.361411,26.724865,multiple,2,EE00748677,"Tartu maakond, Tartu linn, Tartu linn, Piiskopi tn 7",
Poodi,,Poodi,,1,"Tartu linn, Poodi",,,,,not_found,0,,,
Poodi,3,Poodi,3,1,"Tartu linn, Poodi 3",,,,,not_found,0,,,
Promenaadi,6,,6,5,,,,,,manual_needed,0,,,"vana nimi 'Promenaadi' — asukoht ebaselge, vajab käsitsi paigutust"
Promenaadi,9,,9,4,,,,,,manual_needed,0,,,"vana nimi 'Promenaadi' — asukoht ebaselge, vajab käsitsi paigutust"
Promenaadi,7,,7,4,,,,,,manual_needed,0,,,"vana nimi 'Promenaadi' — asukoht ebaselge, vajab käsitsi paigutust"
Promenaadi,5,,5,1,,,,,,manual_needed,0,,,"vana nimi 'Promenaadi' — asukoht ebaselge, vajab käsitsi paigutust"
Puiestee,19,Puiestee,19,1,"Tartu linn, Puiestee 19",659156.42,6475594.07,58.391723,26.722180,ok,1,EE02162714,"Tartu maakond, Tartu linn, Tartu linn, Puiestee tn 19",
Puiestee,51,Puiestee,51,2,"Tartu linn, Puiestee 51",659678.79,6475271.40,58.388635,26.730891,ok,1,ME03308323,"Tartu maakond, Tartu linn, Tartu linn, Puiestee tn 51",
Puiestee,75,Puiestee,75,3,"Tartu linn, Puiestee 75",660049.14,6475042.59,58.386454,26.737052,multiple,2,EE00761036,"Tartu maakond, Tartu linn, Tartu linn, Puiestee tn 75",
Puiestee,54,Puiestee,54,3,"Tartu linn, Puiestee 54",662158.79,6473705.21,58.373673,26.772150,multiple,3,EE00751753,"Tartu maakond, Tartu linn, Tartu linn, Kaunase pst 54",
Puiestee,64,Puiestee,64,1,"Tartu linn, Puiestee 64",659411.58,6475471.19,58.390527,26.726468,ok,1,EE00767595,"Tartu maakond, Tartu linn, Tartu linn, Puiestee tn 64",
Puiestee,35,Puiestee,35,3,"Tartu linn, Puiestee 35",661913.73,6473521.60,58.372123,26.767838,multiple,5,EE00751684,"Tartu maakond, Tartu linn, Tartu linn, Kaunase pst 35",
Puiestee,84,Puiestee,84,1,"Tartu linn, Puiestee 84",659755.31,6475260.70,58.388517,26.732182,ok,1,EE00758003,"Tartu maakond, Tartu linn, Tartu linn, Puiestee tn 84",
Puiestee,75a,Puiestee,75a,1,"Tartu linn, Puiestee 75a",660058.22,6475019.54,58.386244,26.737190,ok,1,EE00748708,"Tartu maakond, Tartu linn, Tartu linn, Puiestee tn 75a",
Puiestee,69,Puiestee,69,1,"Tartu linn, Puiestee 69",659846.69,6475166.58,58.387640,26.733688,multiple,2,EE00760925,"Tartu maakond, Tartu linn, Tartu linn, Puiestee tn 69",
Puiestee,72,Puiestee,72,2,"Tartu linn, Puiestee 72",659588.63,6475361.64,58.389484,26.729416,ok,1,CU00495435,"Tartu maakond, Tartu linn, Tartu linn, Puiestee tn 72",
Puiestee,9 // 11,Puiestee,9,1,"Tartu linn, Puiestee 9",658801.74,6475821.67,58.393897,26.716290,multiple,5,ME00750916,"Tartu maakond, Tartu linn, Tartu linn, Puiestee tn 9",
Puiestee,91,Puiestee,91,2,"Tartu linn, Puiestee 91",660220.09,6474936.26,58.385432,26.739899,multiple,2,EE00765114,"Tartu maakond, Tartu linn, Tartu linn, Puiestee tn 91",
Puiestee,98,Puiestee,98,1,"Tartu linn, Puiestee 98",659872.78,6475200.15,58.387927,26.734155,ok,1,EE00748724,"Tartu maakond, Tartu linn, Tartu linn, Puiestee tn 98",
Päeva,3,Päeva,3,10,"Tartu linn, Päeva 3",659545.12,6473436.50,58.372231,26.727327,ok,1,EE03731575,"Tartu maakond, Tartu linn, Tartu linn, Päeva tn 3",
Päeva,2,Päeva,2,1,"Tartu linn, Päeva 2",659657.73,6473526.41,58.372988,26.729318,multiple,5,EE00774552,"Tartu maakond, Tartu linn, Tartu linn, Päeva tn 21",
Päeva,5,Päeva,5,1,"Tartu linn, Päeva 5",659572.59,6473454.52,58.372382,26.727817,ok,1,EE03721860,"Tartu maakond, Tartu linn, Tartu linn, Päeva tn 5",
Päeva,1,Päeva,1,1,"Tartu linn, Päeva 1",659595.34,6473555.02,58.373271,26.728263,multiple,5,CU00491424,"Tartu maakond, Tartu linn, Tartu linn, Päeva tn 10",
Päikese,1a,Päikese,1a,1,"Tartu linn, Päikese 1a",,,,,not_found,0,,,
Päikese,1,Päikese,1,1,"Tartu linn, Päikese 1",655238.94,6472025.67,58.361123,26.652843,multiple,4,EE01659580,"Tartu maakond, Tartu linn, Märja alevik, Päikese tn 1",
Pärna,22,Pärna,22,1,"Tartu linn, Pärna 22",660347.84,6474637.33,58.382702,26.741876,ok,1,EE00774608,"Tartu maakond, Tartu linn, Tartu linn, Pärna tn 22",
Pärna,21,Pärna,21,2,"Tartu linn, Pärna 21",660311.69,6474569.34,58.382105,26.741214,multiple,2,EE00774609,"Tartu maakond, Tartu linn, Tartu linn, Pärna tn 21",
Raatuse,89,Raatuse,89,1,"Tartu linn, Raatuse 89",,,,,not_found,0,,,
Raatuse,100,Raatuse,100,2,"Tartu linn, Raatuse 100",660178.96,6474795.66,58.384191,26.739101,ok,1,EE00768790,"Tartu maakond, Tartu linn, Tartu linn, Raatuse tn 100",
Raatuse,57,Raatuse,57,1,"Tartu linn, Raatuse 57",659965.54,6474654.70,58.383004,26.735364,ok,1,EE00774633,"Tartu maakond, Tartu linn, Tartu linn, Raatuse tn 57",
Raatuse,10,Raatuse,10,2,"Tartu linn, Raatuse 10",660178.96,6474795.66,58.384191,26.739101,multiple,5,EE00768790,"Tartu maakond, Tartu linn, Tartu linn, Raatuse tn 100",
Raekoja,10,Raekoja,10,2,"Tartu linn, Raekoja 10",659248.41,6474346.93,58.380503,26.722886,ok,1,EE02172286,"Tartu maakond, Tartu linn, Tartu linn, Raekoja plats 10",
Raekoja,97,Raekoja,97,1,"Tartu linn, Raekoja 97",,,,,not_found,0,,,
Raekoja,14,Raekoja,14,1,"Tartu linn, Raekoja 14",659286.00,6474352.56,58.380543,26.723540,ok,1,EE02148217,"Tartu maakond, Tartu linn, Tartu linn, Raekoja plats 14",
Rebase,11,Rebase,11,2,"Tartu linn, Rebase 11",660043.50,6472984.32,58.367985,26.735532,ok,1,CU00492694,"Tartu maakond, Tartu linn, Tartu linn, Rebase tn 2a/11",
Riia,77,Riia,77,3,"Tartu linn, Riia 77",658101.45,6472672.91,58.365902,26.702143,ok,1,EE00774528,"Tartu maakond, Tartu linn, Tartu linn, Riia tn 77",
Riia,63,Riia,63,3,"Tartu linn, Riia 63",658349.64,6472883.44,58.367695,26.706539,multiple,2,EE00768315,"Tartu maakond, Tartu linn, Tartu linn, Riia tn 63",
Riia,43,Riia,43,1,"Tartu linn, Riia 43",658635.35,6473134.84,58.369853,26.711579,ok,1,ME00761945,"Tartu maakond, Tartu linn, Tartu linn, Riia tn 43",
Riia,129,Riia,129,2,"Tartu linn, Riia 129",657577.07,6472283.48,58.362592,26.692930,ok,1,EE00774610,"Tartu maakond, Tartu linn, Tartu linn, Riia tn 129",
Riia,103,Riia,103,1,"Tartu linn, Riia 103",657773.56,6472422.43,58.363768,26.696388,ok,1,EE00748821,"Tartu maakond, Tartu linn, Tartu linn, Riia tn 103",
Riia,39,Riia,39,2,"Tartu linn, Riia 39",,,,,not_found,0,,,
Riia,115,Riia,115,4,"Tartu linn, Riia 115",657680.16,6472431.91,58.363892,26.694790,ok,1,EE00774597,"Tartu maakond, Tartu linn, Tartu linn, Riia tn 115",
Riia,83,Riia,83,1,"Tartu linn, Riia 83",658024.54,6472610.00,58.365364,26.700803,ok,1,EE01640607,"Tartu maakond, Tartu linn, Tartu linn, Riia tn 83",
Riia,19,Riia,19,1,"Tartu linn, Riia 19",659047.22,6473527.68,58.373229,26.718886,multiple,4,EE01937085,"Tartu maakond, Tartu linn, Tartu linn, Riia tn 19",
Riia,121,Riia,121,1,"Tartu linn, Riia 121",657723.83,6472382.19,58.363427,26.695507,ok,1,EE00757997,"Tartu maakond, Tartu linn, Tartu linn, Riia tn 121",
Riia,25,Riia,25,1,"Tartu linn, Riia 25",658919.60,6473384.66,58.371992,26.716618,multiple,2,ME00748826,"Tartu maakond, Tartu linn, Tartu linn, Riia tn 25",
Riia,13,Riia,13,1,"Tartu linn, Riia 13",659182.00,6473591.83,58.373754,26.721236,multiple,5,EE00765953,"Tartu maakond, Tartu linn, Tartu linn, Riia tn 13",
Riia,75,Riia,75,1,"Tartu linn, Riia 75",658128.67,6472697.89,58.366116,26.702639,multiple,2,EE00750442,"Tartu maakond, Tartu linn, Tartu linn, Riia tn 75",
Riia,33,Riia,33,1,"Tartu linn, Riia 33",658783.50,6473247.07,58.370804,26.714201,ok,1,EE02142896,"Tartu maakond, Tartu linn, Tartu linn, Riia tn 33",
Riia,105,Riia,105,1,"Tartu linn, Riia 105",657743.17,6472459.00,58.364111,26.695884,multiple,2,EE00774592,"Tartu maakond, Tartu linn, Tartu linn, Riia tn 105",
Riia,71,Riia,71,1,"Tartu linn, Riia 71",658270.54,6472818.91,58.367150,26.705146,ok,1,EE00760840,"Tartu maakond, Tartu linn, Tartu linn, Riia tn 71",
Riia mnt,25,Riia,25,4,"Tartu linn, Riia 25",658919.60,6473384.66,58.371992,26.716618,multiple,2,ME00748826,"Tartu maakond, Tartu linn, Tartu linn, Riia tn 25",vana nimi 'Riia mnt' → 'Riia'
Risti,2,Risti,2,1,"Tartu linn, Risti 2",659199.19,6475647.95,58.392192,26.722952,multiple,2,EE03183301,"Tartu maakond, Tartu linn, Tartu linn, Risti tn 2",
Risti,8,Risti,8,1,"Tartu linn, Risti 8",659229.02,6475699.62,58.392648,26.723501,ok,1,EE00748855,"Tartu maakond, Tartu linn, Tartu linn, Risti tn 8",
Roosi,31,Roosi,31,2,"Tartu linn, Roosi 31",659699.77,6474851.67,58.384868,26.730958,ok,1,EE03671917,"Tartu maakond, Tartu linn, Tartu linn, Roosi tn 31",
Roosi,21,Roosi,21,1,"Tartu linn, Roosi 21",,,,,not_found,0,,,
Rüütli,9,Rüütli,9,7,"Tartu linn, Rüütli 9",659207.86,6474425.10,58.381217,26.722257,ok,1,ME00747951,"Tartu maakond, Tartu linn, Tartu linn, Rüütli tn 9",
Rüütli,3,Rüütli,3,1,"Tartu linn, Rüütli 3",659227.58,6474358.86,58.380618,26.722553,ok,1,EE01072524,"Tartu maakond, Tartu linn, Tartu linn, Rüütli tn 3",
Rüütli,4,Rüütli,4,1,"Tartu linn, Rüütli 4",659178.63,6474363.22,58.380672,26.721719,multiple,2,ME00770721,"Tartu maakond, Tartu linn, Tartu linn, Rüütli tn 4",
Rüütli,8,Rüütli,8,3,"Tartu linn, Rüütli 8",659175.57,6474414.95,58.381139,26.721704,ok,1,ME00747952,"Tartu maakond, Tartu linn, Tartu linn, Rüütli tn 8",
Rüütli,15,Rüütli,15,1,"Tartu linn, Rüütli 15",659150.86,6474554.68,58.382404,26.721374,ok,1,ME00769970,"Tartu maakond, Tartu linn, Tartu linn, Rüütli tn 15",
Rüütli,11,Rüütli,11,6,"Tartu linn, Rüütli 11",659180.45,6474456.48,58.381506,26.721801,ok,1,EE03274770,"Tartu maakond, Tartu linn, Tartu linn, Rüütli tn 11",
Rüütli,17,Rüütli,17,1,"Tartu linn, Rüütli 17",659137.77,6474582.86,58.382660,26.721171,ok,1,EE00756570,"Tartu maakond, Tartu linn, Tartu linn, Rüütli tn 17",
Saekoja,8,Saekoja,8,1,"Tartu linn, Saekoja 8",660517.94,6472447.93,58.363003,26.743250,ok,1,CU00492923,"Tartu maakond, Tartu linn, Tartu linn, Saekoja tn 8",
Savi,6,Savi,6,2,"Tartu linn, Savi 6",657597.92,6471762.56,58.357919,26.692932,multiple,2,EE00752180,"Tartu maakond, Tartu linn, Tartu linn, Savi tn 6",
Soola,16,Soola,16,2,"Tartu linn, Soola 16",,,,,not_found,0,,,
Soola,10,Soola,10,2,"Tartu linn, Soola 10",659926.79,6474162.38,58.378595,26.734355,multiple,5,ME00752783,"Tartu maakond, Tartu linn, Tartu linn, Soola tn 10",
Suurturg,4,Raekoja plats,4,1,"Tartu linn, Raekoja plats 4",659179.59,6474336.97,58.380438,26.721718,ok,1,ME00771343,"Tartu maakond, Tartu linn, Tartu linn, Raekoja plats 4",vana nimi 'Suurturg' → 'Raekoja plats'
Suurturg,18,Raekoja plats,18,1,"Tartu linn, Raekoja plats 18",659324.61,6474381.08,58.380780,26.724225,ok,1,ME00757990,"Tartu maakond, Tartu linn, Tartu linn, Raekoja plats 18",vana nimi 'Suurturg' → 'Raekoja plats'
Suurturg,10,Raekoja plats,10,1,"Tartu linn, Raekoja plats 10",659248.41,6474346.93,58.380503,26.722886,ok,1,EE02172286,"Tartu maakond, Tartu linn, Tartu linn, Raekoja plats 10",vana nimi 'Suurturg' → 'Raekoja plats'
Suurturg,9,Raekoja plats,9,1,"Tartu linn, Raekoja plats 9",659295.98,6474302.43,58.380082,26.723675,ok,1,ME00767229,"Tartu maakond, Tartu linn, Tartu linn, Raekoja plats 9",vana nimi 'Suurturg' → 'Raekoja plats'
Sõbra,3,Sõbra,3,5,"Tartu linn, Sõbra 3",659319.61,6472638.73,58.365154,26.722931,multiple,5,EE00773688,"Tartu maakond, Tartu linn, Tartu linn, Sõbra tn 3",
Sõbra,32,Sõbra,32,1,"Tartu linn, Sõbra 32",659850.99,6472608.94,58.364691,26.731976,ok,1,EE00773709,"Tartu maakond, Tartu linn, Tartu linn, Sõbra tn 32",
Söögiturg,3,Küüni,3,1,"Tartu linn, Küüni 3",659259.71,6474247.64,58.379610,26.723023,ok,1,ME00747949,"Tartu maakond, Tartu linn, Tartu linn, Küüni tn 3",KAHTLANE mapping: 'Söögiturg' → 'Küüni' (kontrollida)
Söögiturg,1,Küüni,1,1,"Tartu linn, Küüni 1",659241.55,6474276.94,58.379877,26.722735,ok,1,ME00747950,"Tartu maakond, Tartu linn, Tartu linn, Küüni tn 1",KAHTLANE mapping: 'Söögiturg' → 'Küüni' (kontrollida)
Tallinna,38,Tallinna,38,1,"Tartu linn, Tallinna 38",,,,,not_found,0,,,
Tallinna,59,Tallinna,59,1,"Tartu linn, Tallinna 59",,,,,not_found,0,,,
Tallinna,,Tallinna,,1,"Tartu linn, Tallinna",652747.98,6477358.29,58.409836,26.613867,multiple,5,CU04059777,"Tartu maakond, Tartu linn, Rahinge küla, 2 Tallinna-Tartu-Võru-Luhamaa tee",
Tallinna,46,Tallinna,46,1,"Tartu linn, Tallinna 46",,,,,not_found,0,,,
Tallinna,14,Tallinna,14,2,"Tartu linn, Tallinna 14",,,,,not_found,0,,,
Tallinna,17,Tallinna,17,2,"Tartu linn, Tallinna 17",,,,,not_found,0,,,
Tammepuiestee,5,Tammepuiestee,5,1,"Tartu linn, Tammepuiestee 5",,,,,not_found,0,,,
Tammepuiestee,9,Tammepuiestee,9,2,"Tartu linn, Tammepuiestee 9",,,,,not_found,0,,,
Tiigi,24,Tiigi,24,1,"Tartu linn, Tiigi 24",,,,,not_found,0,,,
Tiigi,42,Tiigi,42,2,"Tartu linn, Tiigi 42",,,,,not_found,0,,,
Tiigi,26,Tiigi,26,7,"Tartu linn, Tiigi 26",,,,,not_found,0,,,
Tiigi,31,Tiigi,31,3,"Tartu linn, Tiigi 31",,,,,not_found,0,,,
Tiigi,9,Tiigi,9,2,"Tartu linn, Tiigi 9",659012.64,6473933.83,58.376883,26.718587,ok,1,EE00769733,"Tartu maakond, Tartu linn, Tartu linn, Tiigi tn 9",
Tiigi,28,Tiigi,28,6,"Tartu linn, Tiigi 28",,,,,not_found,0,,,
Tiigi,58,Tiigi,58,3,"Tartu linn, Tiigi 58",,,,,not_found,0,,,
Tiigi,61,Tiigi,61,1,"Tartu linn, Tiigi 61",658625.00,6473633.29,58.374324,26.711752,multiple,4,ME00758151,"Tartu maakond, Tartu linn, Tartu linn, Tiigi tn 61",
Tiigi,56,Tiigi,56,2,"Tartu linn, Tiigi 56",,,,,not_found,0,,,
Tiigi,78,Tiigi,78,1,"Tartu linn, Tiigi 78",658591.89,6473570.41,58.373771,26.711145,ok,1,ME01899452,"Tartu maakond, Tartu linn, Tartu linn, Tiigi tn 78",
Tiigi,10,Tiigi,10,1,"Tartu linn, Tiigi 10",658845.55,6473752.35,58.375311,26.715609,multiple,5,EE00763772,"Tartu maakond, Tartu linn, Tartu linn, Tiigi tn 10",
Tolstoi,10,Tolstoi,10,4,"Tartu linn, Tolstoi 10",659795.40,6473157.01,58.369628,26.731401,ok,1,EE00749280,"Tartu maakond, Tartu linn, Tartu linn, L. Tolstoi tn 10",
Tolstoi,3,Tolstoi,3,1,"Tartu linn, Tolstoi 3",659706.88,6473065.52,58.368844,26.729835,ok,1,EE03669793,"Tartu maakond, Tartu linn, Tartu linn, L. Tolstoi tn 3",
Tolstoi,14,Tolstoi,14,4,"Tartu linn, Tolstoi 14",659824.34,6473159.40,58.369635,26.731897,ok,1,EE01001385,"Tartu maakond, Tartu linn, Tartu linn, L. Tolstoi tn 14",
Tolstoi,1,Tolstoi,1,1,"Tartu linn, Tolstoi 1",659687.57,6473055.12,58.368752,26.729503,multiple,5,EE00761437,"Tartu maakond, Tartu linn, Tartu linn, L. Tolstoi tn 1",
Turu,80,Turu,80,1,"Tartu linn, Turu 80",,,,,not_found,0,,,
Turu,1 l-a,Turu,1a,1,"Tartu linn, Turu 1a",,,,,not_found,0,,,
Turu,11-a,Turu,11a,1,"Tartu linn, Turu 11a",659890.53,6473699.41,58.374455,26.733417,ok,1,CU01640716,"Tartu maakond, Tartu linn, Tartu linn, Turu tn 11a",
Turu,83,Turu,83,1,"Tartu linn, Turu 83",,,,,not_found,0,,,
Tähe,44,Tähe,44,2,"Tartu linn, Tähe 44",659662.77,6473011.02,58.368366,26.729046,ok,1,EE00767713,"Tartu maakond, Tartu linn, Tartu linn, Tähe tn 44",
Tähe,73,Tähe,73,1,"Tartu linn, Tähe 73",659713.76,6472684.93,58.365423,26.729690,ok,1,EE00773939,"Tartu maakond, Tartu linn, Tartu linn, Tähe tn 73",
Tähe,9,Tähe,9,1,"Tartu linn, Tähe 9",659798.32,6472286.62,58.361822,26.730847,multiple,5,EE00766025,"Tartu maakond, Tartu linn, Tartu linn, Tähe tn 90",
Tähe,43,Tähe,43,1,"Tartu linn, Tähe 43",659621.50,6473033.73,58.368588,26.728361,ok,1,EE01864295,"Tartu maakond, Tartu linn, Tartu linn, Tähe tn 43",
Tähe,77,Tähe,77,1,"Tartu linn, Tähe 77",659700.86,6472660.59,58.365213,26.729451,ok,1,EE03672375,"Tartu maakond, Tartu linn, Tartu linn, Tähe tn 77",
Tähe,80,Tähe,80,1,"Tartu linn, Tähe 80",659790.37,6472410.79,58.362937,26.730797,ok,1,EE03597477,"Tartu maakond, Tartu linn, Tartu linn, Tähe tn 80",
Tähe,125,Tähe,125,3,"Tartu linn, Tähe 125",659730.97,6471440.29,58.354248,26.729115,ok,1,EE00750111,"Tartu maakond, Tartu linn, Tartu linn, Tähe tn 125",
Tähe,54,Tähe,54,1,"Tartu linn, Tähe 54",659718.78,6472909.46,58.367431,26.729931,multiple,5,EE00768730,"Tartu maakond, Tartu linn, Tartu linn, Tähe tn 54",
Tähe,69,Tähe,69,1,"Tartu linn, Tähe 69",659706.44,6472750.46,58.366009,26.729598,ok,1,EE00993438,"Tartu maakond, Tartu linn, Tartu linn, Tähe tn 69",
Tähe,33,Tähe,33,5,"Tartu linn, Tähe 33",659593.51,6473100.94,58.369199,26.727930,ok,1,EE00773852,"Tartu maakond, Tartu linn, Tartu linn, Tähe tn 33",
Tähe,83,Tähe,83,1,"Tartu linn, Tähe 83",659732.99,6472536.84,58.364088,26.729911,ok,1,EE00758629,"Tartu maakond, Tartu linn, Tartu linn, Tähe tn 83",
Tähe,38,Tähe,38,1,"Tartu linn, Tähe 38",659635.77,6473091.95,58.369103,26.728641,multiple,2,EE01933583,"Tartu maakond, Tartu linn, Tartu linn, Tähe tn 38",
Tähe,61,Tähe,61,2,"Tartu linn, Tähe 61",659692.53,6472847.23,58.366884,26.729444,ok,1,EE00768706,"Tartu maakond, Tartu linn, Tartu linn, Tähe tn 61",
Tähe,98,Tähe,98,1,"Tartu linn, Tähe 98",659849.87,6471983.78,58.359085,26.731524,multiple,2,EE00759570,"Tartu maakond, Tartu linn, Tartu linn, Tähe tn 98",
Tähe,31,Tähe,31,4,"Tartu linn, Tähe 31",659580.75,6473128.49,58.369446,26.727727,ok,1,EE00749098,"Tartu maakond, Tartu linn, Tartu linn, Tähe tn 31",
Tähe,14,Tähe,14,2,"Tartu linn, Tähe 14",659537.68,6473348.12,58.371435,26.727145,ok,1,CU03625774,"Tartu maakond, Tartu linn, Tartu linn, Tähe tn 14",
Tähe,106,Tähe,106,1,"Tartu linn, Tähe 106",659892.74,6471295.55,58.352897,26.731779,multiple,5,ME00752581,"Tartu maakond, Tartu linn, Tartu linn, Tähe tn 106",
Tähe,2,Tähe,2,3,"Tartu linn, Tähe 2",659402.17,6473608.30,58.373817,26.725004,multiple,5,EE01936470,"Tartu maakond, Tartu linn, Tartu linn, Tähe tn 2",
Tähe,128,Tähe,128,2,"Tartu linn, Tähe 128",,,,,not_found,0,,,
Tähe,84,Tähe,84,4,"Tartu linn, Tähe 84",659801.99,6472325.04,58.362161,26.730942,ok,1,EE03205147,"Tartu maakond, Tartu linn, Tartu linn, Tähe tn 84",
Tähe,143,Tähe,143,1,"Tartu linn, Tähe 143",,,,,not_found,0,,,
Tähe,64,Tähe,64,1,"Tartu linn, Tähe 64",659745.02,6472714.18,58.365672,26.730239,ok,1,EE00758202,"Tartu maakond, Tartu linn, Tartu linn, Tähe tn 64",
Tähe,94,Tähe,94,1,"Tartu linn, Tähe 94",659815.56,6472204.60,58.361080,26.731097,ok,1,ME00773947,"Tartu maakond, Tartu linn, Tartu linn, Tähe tn 94",
Tähe,145,Tähe,145,1,"Tartu linn, Tähe 145",,,,,not_found,0,,,
Tähe,42,Tähe,42,1,"Tartu linn, Tähe 42",659654.37,6473030.24,58.368540,26.728905,ok,1,EE00762383,"Tartu maakond, Tartu linn, Tartu linn, Tähe tn 42",
Tähtvere,21,Tähtvere,21,1,"Tartu linn, Tähtvere 21",655827.50,6476256.04,58.398862,26.665769,ok,1,CU03535746,"Tartu maakond, Tartu linn, Tähtvere küla, Tammevardi tee 21",
Tähtvere,14,Tähtvere,14,1,"Tartu linn, Tähtvere 14",658614.47,6474653.54,58.383488,26.712270,multiple,3,EE00749134,"Tartu maakond, Tartu linn, Tartu linn, Tähtvere tn 14",
Tähtvere,47,Tähtvere,47,1,"Tartu linn, Tähtvere 47",657887.63,6474252.76,58.380153,26.699593,ok,1,EE00772793,"Tartu maakond, Tartu linn, Tartu linn, Vikerkaare tn 47",
Tähtvere,9a,Tähtvere,9a,1,"Tartu linn, Tähtvere 9a",658095.34,6474597.20,58.383164,26.703366,multiple,4,EE01668562,"Tartu maakond, Tartu linn, Tartu linn, C. R. Jakobsoni tn 9a",
Tähtvere,11,Tähtvere,11,2,"Tartu linn, Tähtvere 11",658591.68,6474734.63,58.384222,26.711950,multiple,3,EE00773974,"Tartu maakond, Tartu linn, Tartu linn, Tähtvere tn 11",
Tähtvere,41,Tähtvere,41,1,"Tartu linn, Tähtvere 41",658520.76,6474641.94,58.383414,26.710673,multiple,2,ME00772635,"Tartu maakond, Tartu linn, Tartu linn, Jakobi tn 41",
Tähtvere,51,Tähtvere,51,1,"Tartu linn, Tähtvere 51",658410.12,6474916.60,58.385921,26.708967,ok,1,EE00749152,"Tartu maakond, Tartu linn, Tartu linn, Tähtvere tn 51",
Tööstuse,5,Tööstuse,5,1,"Tartu linn, Tööstuse 5",642205.43,6456491.98,58.226176,26.420735,multiple,3,EE00735793,"Tartu maakond, Elva vald, Elva linn, Tööstuse tn 5",
Tööstuse,13,Tööstuse,13,4,"Tartu linn, Tööstuse 13",642292.54,6456645.36,58.227520,26.422326,multiple,2,EE00768234,"Tartu maakond, Elva vald, Elva linn, Tööstuse tn 13",
Tööstuse,16,Tööstuse,16,1,"Tartu linn, Tööstuse 16",642320.71,6456786.26,58.228776,26.422888,ok,1,EE00761647,"Tartu maakond, Elva vald, Elva linn, Tööstuse tn 16",
Tööstuse,4,Tööstuse,4,1,"Tartu linn, Tööstuse 4",642221.37,6456578.54,58.226951,26.421060,multiple,5,EE01034501,"Tartu maakond, Elva vald, Elva linn, Tööstuse tn 4",
Tööstuse,18,Tööstuse,18,1,"Tartu linn, Tööstuse 18",642334.40,6456856.98,58.229409,26.423153,ok,1,CU03798106,"Tartu maakond, Elva vald, Elva linn, Tööstuse tn 18",
Uueturu,11,Uueturu,11,1,"Tartu linn, Uueturu 11",659756.77,6473695.09,58.374468,26.731126,multiple,4,CU00491571,"Tartu maakond, Tartu linn, Tartu linn, Aleksandri tn 11",
Uus-Kastani,16,Uus-Kastani,16,1,"Tartu linn, Uus-Kastani 16",,,,,not_found,0,,,
Uus-Kastani,3,Uus-Kastani,3,2,"Tartu linn, Uus-Kastani 3",,,,,not_found,0,,,
Uus-Kastani,8,Uus-Kastani,8,2,"Tartu linn, Uus-Kastani 8",,,,,not_found,0,,,
Uus-Savi,4,Uus-Savi,4,1,"Tartu linn, Uus-Savi 4",,,,,not_found,0,,,
Uus-Savi,2,Uus-Savi,2,1,"Tartu linn, Uus-Savi 2",,,,,not_found,0,,,
V-Kastani puiestee,6,V-Kastani puiestee,6,2,"Tartu linn, V-Kastani puiestee 6",,,,,not_found,0,,,
Vabaduse pst,13,Vabaduse pst,13,1,"Tartu linn, Vabaduse pst 13",658829.23,6475764.41,58.393367,26.716711,multiple,3,CU00496034,"Tartu maakond, Tartu linn, Tartu linn, Puiestee tn 13",
Vabaduse pst,22,Vabaduse pst,22,1,"Tartu linn, Vabaduse pst 22",,,,,not_found,0,,,
Vabaduse pst,14,Vabaduse pst,14,2,"Tartu linn, Vabaduse pst 14",659244.04,6474718.49,58.383833,26.723075,ok,1,ME00770666,"Tartu maakond, Tartu linn, Tartu linn, Vabaduse pst 14",
Vabaduse pst,15,Vabaduse pst,15,1,"Tartu linn, Vabaduse pst 15",659068.10,6475628.74,58.392069,26.720701,multiple,2,CU00496102,"Tartu maakond, Tartu linn, Tartu linn, Lubja tn 5",
Vabaduse pst,11,Vabaduse pst,11,2,"Tartu linn, Vabaduse pst 11",658784.81,6475733.96,58.393114,26.715938,multiple,5,CU00496028,"Tartu maakond, Tartu linn, Tartu linn, Puiestee tn 11a",
Vabriku,10,Vabriku,10,1,"Tartu linn, Vabriku 10",658179.50,6473880.58,58.376710,26.704324,ok,1,EE00768024,"Tartu maakond, Tartu linn, Tartu linn, Vabriku tn 10",
Vabriku,6,Vabriku,6,1,"Tartu linn, Vabriku 6",658212.19,6473838.34,58.376313,26.704841,multiple,2,EE00756596,"Tartu maakond, Tartu linn, Tartu linn, Vabriku tn 6",
Vabriku,3,Vabriku,3,1,"Tartu linn, Vabriku 3",658187.92,6473914.30,58.377003,26.704483,multiple,5,EE00763554,"Tartu maakond, Tartu linn, Tartu linn, Vabriku tn 3",
Vaksali,4,Vaksali,4,1,"Tartu linn, Vaksali 4",658385.91,6473527.44,58.373460,26.707598,multiple,5,ME00757474,"Tartu maakond, Tartu linn, Tartu linn, Vaksali tn 4",
Valeria,8,Linda,8,1,"Tartu linn, Linda 8",659805.48,6473014.65,58.368350,26.731473,ok,1,EE00748380,"Tartu maakond, Tartu linn, Tartu linn, Linda tn 8",vana nimi 'Valeria' → 'Linda'
Vallikraavi,23,Vallikraavi,23,1,"Tartu linn, Vallikraavi 23",658798.90,6474022.19,58.377751,26.714993,ok,1,ME01956853,"Tartu maakond, Tartu linn, Tartu linn, Vallikraavi tn 23",
Vallikraavi,18,Vallikraavi,18,5,"Tartu linn, Vallikraavi 18",658830.25,6473958.18,58.377165,26.715478,ok,1,EE00769857,"Tartu maakond, Tartu linn, Tartu linn, Vallikraavi tn 18",
Vallikraavi,10,Vallikraavi,10,1,"Tartu linn, Vallikraavi 10",659096.98,6474046.26,58.377858,26.720099,ok,1,ME00772606,"Tartu maakond, Tartu linn, Tartu linn, Vallikraavi tn 10",
Vana,2,Vana,2,5,"Tartu linn, Vana 2",656144.11,6474434.37,58.382403,26.669929,multiple,3,ME03909289,"Tartu maakond, Tartu linn, Kandiküla, Vana-Kandi tee 2",
Vana-Savi,4,Vana-Savi,4,1,"Tartu linn, Vana-Savi 4",,,,,not_found,0,,,
Vene,30,Vene,30,1,"Tartu linn, Vene 30",,,,,not_found,0,,,
Vene,22,Vene,22,2,"Tartu linn, Vene 22",,,,,not_found,0,,,
Veski,5,Veski,5,2,"Tartu linn, Veski 5",658447.75,6474521.16,58.382355,26.709343,multiple,5,EE00749462,"Tartu maakond, Tartu linn, Tartu linn, Veski tn 5",
Veski,13,Veski,13,1,"Tartu linn, Veski 13",658434.12,6474391.40,58.381193,26.709014,ok,1,ME00772740,"Tartu maakond, Tartu linn, Tartu linn, Veski tn 13",
Veski,43,Veski,43,1,"Tartu linn, Veski 43",658497.79,6474117.08,58.378712,26.709918,ok,1,EE00757725,"Tartu maakond, Tartu linn, Tartu linn, Veski tn 43",
Veski,17,Veski,17,1,"Tartu linn, Veski 17",658431.38,6474345.16,58.380782,26.708931,ok,1,EE01935171,"Tartu maakond, Tartu linn, Tartu linn, Veski tn 17",
Veski,57,Veski,57,2,"Tartu linn, Veski 57",658555.32,6474022.50,58.377848,26.710826,ok,1,EE00769179,"Tartu maakond, Tartu linn, Tartu linn, Veski tn 57",
Veski,27,Veski,27,2,"Tartu linn, Veski 27",658439.10,6474254.43,58.379963,26.709005,ok,1,EE00769067,"Tartu maakond, Tartu linn, Tartu linn, Veski tn 27",
Veski,49,Veski,49,2,"Tartu linn, Veski 49",658515.61,6474063.34,58.378221,26.710188,ok,1,CU00491047,"Tartu maakond, Tartu linn, Tartu linn, Veski tn 49",
Viljandi,3,Viljandi,3,1,"Tartu linn, Viljandi 3",657685.65,6473336.78,58.372008,26.695514,multiple,5,EE00750570,"Tartu maakond, Tartu linn, Tartu linn, Viljandi mnt 3",
Vladimiri,3,,3,2,,,,,,manual_needed,0,,,"vana nimi 'Vladimiri' — asukoht ebaselge, vajab käsitsi paigutust"
Vladimiri,11,,11,1,,,,,,manual_needed,0,,,"vana nimi 'Vladimiri' — asukoht ebaselge, vajab käsitsi paigutust"
Vladimiri,14,,14,2,,,,,,manual_needed,0,,,"vana nimi 'Vladimiri' — asukoht ebaselge, vajab käsitsi paigutust"
Vladimiri,10,,10,2,,,,,,manual_needed,0,,,"vana nimi 'Vladimiri' — asukoht ebaselge, vajab käsitsi paigutust"
Võru,23,Võru,23,1,"Tartu linn, Võru 23",659202.95,6473217.34,58.370382,26.721334,multiple,5,EE00769014,"Tartu maakond, Tartu linn, Tartu linn, Võru tn 23",
Võru,30,Võru,30,1,"Tartu linn, Võru 30",659269.73,6473419.47,58.372170,26.722618,multiple,4,EE00760333,"Tartu maakond, Tartu linn, Tartu linn, Võru tn 30",
Võru,27,Võru,27,1,"Tartu linn, Võru 27",659195.60,6473161.25,58.369882,26.721176,multiple,5,EE00768713,"Tartu maakond, Tartu linn, Tartu linn, Võru tn 27",
Võru,91,Võru,91,1,"Tartu linn, Võru 91",659231.45,6471398.97,58.354062,26.720553,multiple,2,EE00773024,"Tartu maakond, Tartu linn, Tartu linn, Võru tn 91",
Võru,100,Võru,100,1,"Tartu linn, Võru 100",659268.74,6472934.16,58.367819,26.722265,ok,1,EE00772905,"Tartu maakond, Tartu linn, Tartu linn, Võru tn 100",
Väike-Maarjamõisa,4,Väike-Maarjamõisa,4,1,"Tartu linn, Väike-Maarjamõisa 4",,,,,not_found,0,,,
Väike-Tähe,16,Väike-Tähe,16,2,"Tartu linn, Väike-Tähe 16",659306.79,6473385.39,58.371851,26.723227,ok,1,EE03590480,"Tartu maakond, Tartu linn, Tartu linn, Väike-Tähe tn 16",
Väike-Tähe,14,Väike-Tähe,14,1,"Tartu linn, Väike-Tähe 14",659296.14,6473357.41,58.371604,26.723019,ok,1,EE03583876,"Tartu maakond, Tartu linn, Tartu linn, Väike-Tähe tn 14",
Väike-Tähe,42,Väike-Tähe,42,1,"Tartu linn, Väike-Tähe 42",,,,,not_found,0,,,
Väike-Tähe,5,Väike-Tähe,5,3,"Tartu linn, Väike-Tähe 5",659390.43,6473434.02,58.372261,26.724678,ok,1,EE00772432,"Tartu maakond, Tartu linn, Tartu linn, Väike-Tähe tn 5",
Väike-Viljandi,10,Väike-Viljandi,10,5,"Tartu linn, Väike-Viljandi 10",,,,,not_found,0,,,
Väike-Viljandi,1,Väike-Viljandi,1,5,"Tartu linn, Väike-Viljandi 1",,,,,not_found,0,,,
Väljanäituse,13,Väljanäituse,13,1,"Tartu linn, Väljanäituse 13",,,,,not_found,0,,,
Õnne,7,Õnne,7,1,"Tartu linn, Õnne 7",659350.96,6472873.59,58.367251,26.723624,ok,1,EE00749593,"Tartu maakond, Tartu linn, Tartu linn, Õnne tn 7",
Õnne,24,Õnne,24,4,"Tartu linn, Õnne 24",659565.17,6472986.03,58.368178,26.727355,multiple,5,EE00768314,"Tartu maakond, Tartu linn, Tartu linn, Õnne tn 24",
Õnne,26,Õnne,26,1,"Tartu linn, Õnne 26",659596.74,6472985.53,58.368166,26.727901,multiple,3,EE00767568,"Tartu maakond, Tartu linn, Tartu linn, Õnne tn 26",
Õnne,39,Õnne,39,3,"Tartu linn, Õnne 39",659811.28,6472984.42,58.368070,26.731554,ok,1,EE00749616,"Tartu maakond, Tartu linn, Tartu linn, Õnne tn 39",
õnne,39,Õnne,39,1,"Tartu linn, Õnne 39",659811.28,6472984.42,58.368070,26.731554,ok,1,EE00749616,"Tartu maakond, Tartu linn, Tartu linn, Õnne tn 39",vana nimi 'õnne' → 'Õnne'
Õpetaja,3,Õpetaja,3,1,"Tartu linn, Õpetaja 3",,,,,not_found,0,,,
Ülikooli,28,Ülikooli,28,2,"Tartu linn, Ülikooli 28",,,,,not_found,0,,,
Ülikooli,30,Ülikooli,30,1,"Tartu linn, Ülikooli 30",,,,,not_found,0,,,
